Dist Code,Year,State Code,State Name,Dist Name,RICE AREA (1000 ha),RICE PRODUCTION (1000 tons),RICE YIELD (Kg per ha),WHEAT AREA (1000 ha),WHEAT PRODUCTION (1000 tons),WHEAT YIELD (Kg per ha),KHARIF SORGHUM AREA (1000 ha),KHARIF SORGHUM PRODUCTION (1000 tons),KHARIF SORGHUM YIELD (Kg per ha),RABI SORGHUM AREA (1000 ha),RABI SORGHUM PRODUCTION (1000 tons),RABI SORGHUM YIELD (Kg per ha),SORGHUM AREA (1000 ha),SORGHUM PRODUCTION (1000 tons),SORGHUM YIELD (Kg per ha),PEARL MILLET AREA (1000 ha),PEARL MILLET PRODUCTION (1000 tons),PEARL MILLET YIELD (Kg per ha),MAIZE AREA (1000 ha),MAIZE PRODUCTION (1000 tons),MAIZE YIELD (Kg per ha),FINGER MILLET AREA (1000 ha),FINGER MILLET PRODUCTION (1000 tons),FINGER MILLET YIELD (Kg per ha),BARLEY AREA (1000 ha),BARLEY PRODUCTION (1000 tons),BARLEY YIELD (Kg per ha),CHICKPEA AREA (1000 ha),CHICKPEA PRODUCTION (1000 tons),CHICKPEA YIELD (Kg per ha),PIGEONPEA AREA (1000 ha),PIGEONPEA PRODUCTION (1000 tons),PIGEONPEA YIELD (Kg per ha),MINOR PULSES AREA (1000 ha),MINOR PULSES PRODUCTION (1000 tons),MINOR PULSES YIELD (Kg per ha),GROUNDNUT AREA (1000 ha),GROUNDNUT PRODUCTION (1000 tons),GROUNDNUT YIELD (Kg per ha),SESAMUM AREA (1000 ha),SESAMUM PRODUCTION (1000 tons),SESAMUM YIELD (Kg per ha),RAPESEED AND MUSTARD AREA (1000 ha),RAPESEED AND MUSTARD PRODUCTION (1000 tons),RAPESEED AND MUSTARD YIELD (Kg per ha),SAFFLOWER AREA (1000 ha),SAFFLOWER PRODUCTION (1000 tons),SAFFLOWER YIELD (Kg per ha),CASTOR AREA (1000 ha),CASTOR PRODUCTION (1000 tons),CASTOR YIELD (Kg per ha),LINSEED AREA (1000 ha),LINSEED PRODUCTION (1000 tons),LINSEED YIELD (Kg per ha),SUNFLOWER AREA (1000 ha),SUNFLOWER PRODUCTION (1000 tons),SUNFLOWER YIELD (Kg per ha),SOYABEAN AREA (1000 ha),SOYABEAN PRODUCTION (1000 tons),SOYABEAN YIELD (Kg per ha),OILSEEDS AREA (1000 ha),OILSEEDS PRODUCTION (1000 tons),OILSEEDS YIELD (Kg per ha),SUGARCANE AREA (1000 ha),SUGARCANE PRODUCTION (1000 tons),SUGARCANE YIELD (Kg per ha),COTTON AREA (1000 ha),COTTON PRODUCTION (1000 tons),COTTON YIELD (Kg per ha),FRUITS AREA (1000 ha),VEGETABLES AREA (1000 ha),FRUITS AND VEGETABLES AREA (1000 ha),POTATOES AREA (1000 ha),ONION AREA (1000 ha),FODDER AREA (1000 ha)
1,1966,14,Chhattisgarh,Durg,548.0,185.0,337.59,44.0,20.0,454.55,0.6,0.4,666.67,0.0,0.0,0.0,0.6,0.4,666.67,0.0,0.0,0.0,3.0,2.0,666.67,0.8,0.2,250.0,0.1,0.0,0.0,54.0,27.0,500.0,37.0,15.0,405.41,114.96,-1.0,-1.0,0.2,0.1,500.0,3.0,0.3,100.0,1.0,0.2,200.0,0.07,0.0,0.0,0.7,0.2,285.71,45.7,6.8,148.8,0.0,0.0,0.0,0.0,0.0,0.0,50.7,-1.0,-1.0,0.9,1.6,1777.78,0.0,0.0,0.0,5.95,6.64,12.59,0.01,0.6,0.47
1,1967,14,Chhattisgarh,Durg,547.0,409.0,747.71,50.0,26.0,520.0,1.1,0.9,818.18,0.0,0.0,0.0,1.1,0.9,818.18,0.0,0.0,0.0,3.0,3.0,1000.0,0.9,0.2,222.22,0.2,0.1,500.0,52.0,15.0,288.46,36.0,26.0,722.22,269.54,-1.0,-1.0,0.1,0.1,1000.0,11.6,0.9,77.59,1.1,0.3,272.73,0.01,0.0,0.0,0.5,0.1,200.0,100.1,25.8,257.74,0.0,0.0,0.0,0.0,0.0,0.0,113.55,-1.0,-1.0,0.8,1.2,1500.0,0.0,0.0,0.0,5.77,7.24,13.02,0.01,0.56,1.23
1,1968,14,Chhattisgarh,Durg,556.3,468.0,841.27,53.7,30.0,558.66,0.5,0.4,800.0,0.0,0.0,0.0,0.5,0.4,800.0,0.0,0.0,0.0,2.8,2.0,714.29,0.8,0.2,250.0,0.2,0.1,500.0,51.3,23.0,448.34,35.7,28.0,784.31,289.46,-1.0,-1.0,0.1,0.1,1000.0,11.3,1.6,141.59,1.2,0.5,416.67,0.02,0.0,0.0,0.6,0.3,500.0,113.3,23.8,210.06,0.0,0.0,0.0,0.0,0.0,0.0,126.62,-1.0,-1.0,1.0,1.0,1000.0,0.0,0.0,0.0,5.41,7.4,12.81,0.1,0.58,1.02
1,1969,14,Chhattisgarh,Durg,563.4,400.8,711.4,49.4,26.5,536.44,0.8,0.6,750.0,0.0,0.0,0.0,0.8,0.6,750.0,0.0,0.0,0.0,2.7,2.3,851.85,0.8,0.2,250.0,0.2,0.1,500.0,52.6,23.1,439.16,35.7,27.3,764.71,298.18,98.3,329.67,0.1,0.1,1000.0,11.4,1.4,122.81,1.2,0.4,333.33,0.02,0.0,0.0,0.5,0.1,200.0,101.1,13.0,128.59,0.0,0.0,0.0,0.0,0.0,0.0,114.14,14.9,130.54,1.0,1.9,1900.0,0.0,0.0,0.0,5.52,7.16,12.69,0.01,0.56,0.84
1,1970,14,Chhattisgarh,Durg,571.6,473.6,828.55,44.2,29.0,656.11,0.9,0.6,666.67,0.0,0.0,0.0,0.9,0.6,666.67,0.0,0.0,0.0,2.5,3.3,1320.0,0.8,0.2,250.0,0.1,0.1,1000.0,53.3,32.6,611.63,33.3,35.2,1057.06,342.8,142.9,416.86,0.1,0.1,1000.0,10.8,1.1,101.85,1.1,0.4,363.64,0.02,0.0,0.0,0.4,0.1,250.0,114.1,22.7,198.95,0.0,0.0,0.0,0.0,0.0,0.0,126.4,24.3,192.25,0.7,1.4,2000.0,0.0,0.0,0.0,5.45,7.19,12.64,0.02,0.52,0.42
1,1971,14,Chhattisgarh,Durg,581.8,412.9,709.69,44.4,25.8,581.08,0.3,0.2,666.67,0.0,0.0,0.0,0.3,0.2,666.67,0.0,0.0,0.0,2.7,3.1,1148.15,0.9,0.2,222.22,0.2,0.1,500.0,50.3,32.8,652.09,33.9,34.6,1020.65,351.5,154.9,440.68,0.1,0.0,0.0,10.8,1.0,92.59,1.1,0.4,363.64,0.07,0.0,0.0,0.3,0.1,333.33,111.7,18.5,165.62,0.0,0.0,0.0,0.0,0.0,0.0,124.2,20.2,162.64,0.5,1.0,2000.0,0.0,0.0,0.0,5.42,7.48,12.91,0.01,0.54,0.38
1,1972,14,Chhattisgarh,Durg,582.2,381.0,654.41,39.6,20.6,520.2,0.3,0.3,1000.0,0.0,0.0,0.0,0.3,0.3,1000.0,0.0,0.0,0.0,2.8,3.2,1142.86,0.8,0.1,125.0,0.1,0.1,1000.0,52.3,32.6,623.33,32.8,42.4,1292.68,331.8,100.6,303.19,0.1,0.0,0.0,10.4,1.9,182.69,1.2,0.7,583.33,0.0,0.0,0.0,0.3,0.1,333.33,111.7,22.7,203.22,0.0,0.0,0.0,0.0,0.0,0.0,123.8,25.4,205.17,0.5,1.0,2000.0,0.0,0.0,0.0,5.48,7.53,13.01,0.01,0.55,0.26
1,1973,14,Chhattisgarh,Durg,600.0,471.9,786.5,37.3,18.6,498.66,0.2,0.2,1000.0,0.0,0.0,0.0,0.2,0.2,1000.0,0.0,0.0,0.0,2.9,2.7,931.03,0.8,0.2,250.0,0.1,0.1,1000.0,56.4,32.4,574.47,32.2,22.8,708.07,352.6,106.4,301.76,0.1,0.0,0.0,9.6,1.3,135.42,1.2,0.7,583.33,0.0,0.0,0.0,0.2,0.1,500.0,118.8,28.0,235.69,0.0,0.0,0.0,0.0,0.0,0.0,130.2,30.3,232.72,0.2,1.2,6000.0,0.0,0.0,0.0,5.3,7.6,12.9,0.01,0.53,0.14
1,1974,14,Chhattisgarh,Durg,587.4,219.0,372.83,36.5,22.4,613.7,0.5,0.4,800.0,0.0,0.0,0.0,0.5,0.4,800.0,0.0,0.0,0.0,2.9,2.9,1000.0,0.8,0.3,375.0,0.2,0.1,500.0,54.9,41.0,746.81,32.5,37.6,1156.92,153.1,61.3,400.39,0.0,0.0,0.0,9.9,1.4,141.41,1.4,0.8,571.43,0.0,0.0,0.0,0.2,0.1,500.0,85.0,21.4,251.76,0.0,0.0,0.0,0.0,0.0,0.0,96.8,23.9,246.9,0.8,1.5,1875.0,0.0,0.0,0.0,5.21,7.44,12.64,0.03,0.45,0.06
1,1975,14,Chhattisgarh,Durg,598.3,454.0,758.82,49.2,27.8,565.04,0.2,0.2,1000.0,0.0,0.0,0.0,0.2,0.2,1000.0,0.0,0.0,0.0,2.9,2.9,1000.0,0.8,0.2,250.0,0.2,0.2,1000.0,58.3,30.2,518.01,34.2,26.7,780.7,320.2,121.2,378.51,0.0,0.0,0.0,8.6,0.9,104.65,1.6,0.9,562.5,0.1,0.0,0.0,0.2,0.1,500.0,120.7,28.7,237.78,0.0,0.0,0.0,0.0,0.0,0.0,131.5,30.8,234.22,0.8,1.4,1750.0,0.0,0.0,0.0,5.11,7.86,12.97,0.05,0.52,0.08
1,1976,14,Chhattisgarh,Durg,593.6,327.1,551.04,46.9,10.0,213.22,0.1,0.1,1000.0,0.0,0.0,0.0,0.1,0.1,1000.0,0.0,0.0,0.0,3.0,2.0,666.67,0.8,0.2,250.0,0.1,0.1,1000.0,52.5,13.4,255.24,30.9,11.3,365.7,246.9,34.0,137.71,0.1,0.0,0.0,9.0,0.4,44.44,0.7,0.1,142.86,0.1,0.0,0.0,0.2,0.1,500.0,95.7,6.5,67.92,0.0,0.0,0.0,0.0,0.0,0.0,105.7,7.1,67.17,0.6,0.8,1333.33,0.0,0.0,0.0,4.9,7.86,12.76,0.06,0.46,0.07
1,1977,14,Chhattisgarh,Durg,600.7,572.4,952.89,53.1,27.1,510.36,0.1,0.1,1000.0,0.0,0.0,0.0,0.1,0.1,1000.0,0.0,0.0,0.0,3.4,2.8,823.53,0.8,0.2,250.0,0.1,0.1,1000.0,56.3,17.7,314.39,30.5,16.0,524.59,319.8,101.7,318.01,0.1,0.0,0.0,9.0,1.0,111.11,1.1,0.3,272.73,0.1,0.0,0.0,0.2,0.1,500.0,103.4,23.2,224.37,0.0,0.0,0.0,0.0,0.0,0.0,128.6,24.5,190.51,0.1,0.3,3000.0,0.0,0.0,0.0,4.98,8.45,13.43,0.05,0.53,0.32
1,1978,14,Chhattisgarh,Durg,612.5,362.2,591.35,48.7,25.6,525.67,0.1,0.1,1000.0,0.0,0.0,0.0,0.1,0.1,1000.0,0.0,0.0,0.0,3.4,2.9,852.94,0.7,0.2,285.71,0.1,0.1,1000.0,52.1,17.0,326.3,31.4,24.8,789.81,308.5,67.9,220.1,0.1,0.1,1000.0,5.7,0.5,87.72,1.6,0.5,312.5,0.2,0.0,0.0,0.2,0.1,500.0,111.7,13.4,119.96,0.0,0.0,0.0,0.0,0.0,0.0,145.6,17.5,120.19,0.1,0.2,2000.0,0.0,0.0,0.0,4.75,8.67,13.41,0.04,0.43,0.34
1,1979,14,Chhattisgarh,Durg,616.8,330.6,535.99,44.6,17.8,399.1,0.5,0.5,1000.0,0.0,0.0,0.0,0.5,0.5,1000.0,0.0,0.0,0.0,3.0,3.6,1200.0,0.7,0.2,285.71,0.2,0.0,0.0,65.3,15.7,240.43,29.6,16.9,570.95,193.9,35.7,184.12,0.1,0.2,2000.0,8.5,0.6,70.59,1.7,0.3,176.47,0.2,0.0,0.0,0.1,0.0,0.0,101.4,5.3,52.27,0.0,0.0,0.0,0.1,0.0,0.0,102.8,5.4,52.53,0.1,0.1,1000.0,0.0,0.0,0.0,4.76,8.62,13.38,0.06,0.48,0.28
1,1980,14,Chhattisgarh,Durg,634.9,515.6,812.1,44.1,33.6,761.9,0.2,0.2,1000.0,0.0,0.0,0.0,0.2,0.2,1000.0,0.0,0.0,0.0,3.0,2.8,933.33,0.6,0.2,333.33,0.2,0.1,500.0,54.2,18.0,332.1,29.2,22.9,784.25,310.6,100.8,324.53,0.1,0.2,2000.0,8.2,0.9,109.76,1.9,0.7,368.42,0.3,0.1,333.33,0.2,0.1,500.0,96.7,17.2,177.87,0.0,0.0,0.0,0.0,0.0,0.0,113.4,19.8,174.6,0.1,0.1,1000.0,0.0,0.0,0.0,4.66,9.57,14.24,0.07,0.47,0.21
1,1981,14,Chhattisgarh,Durg,630.0,506.9,804.6,41.5,23.6,568.67,0.2,0.2,1000.0,0.0,0.0,0.0,0.2,0.2,1000.0,0.0,0.0,0.0,3.0,3.0,1000.0,0.7,0.2,285.71,0.2,0.1,500.0,60.9,23.1,379.31,28.7,31.2,1087.11,318.0,63.3,199.06,0.1,0.1,1000.0,8.6,1.0,116.28,2.0,0.9,450.0,0.3,0.1,333.33,0.3,0.1,333.33,95.4,12.1,126.83,0.0,0.0,0.0,0.0,0.0,0.0,117.1,15.8,134.93,0.1,0.1,1000.0,0.0,0.0,0.0,4.66,9.55,14.21,0.05,0.51,0.27
1,1982,14,Chhattisgarh,Durg,627.9,513.3,817.49,41.1,23.9,581.51,0.1,0.1,1000.0,0.0,0.0,0.0,0.1,0.1,1000.0,0.0,0.0,0.0,3.0,3.1,1033.33,0.6,0.2,333.33,0.1,0.1,1000.0,71.7,27.9,389.12,24.0,18.8,783.33,309.0,82.8,267.96,0.1,0.1,1000.0,9.1,0.9,98.9,1.8,0.7,388.89,0.4,0.1,250.0,0.0,0.0,0.0,98.1,12.3,125.38,0.0,0.0,0.0,1.2,0.7,583.33,117.9,15.9,134.86,0.1,0.2,2000.0,0.0,0.0,0.0,4.7,10.0,14.7,0.08,0.38,0.21
1,1983,14,Chhattisgarh,Durg,626.7,711.0,1134.51,39.9,20.6,516.29,0.1,0.1,1000.0,0.0,0.0,0.0,0.1,0.1,1000.0,0.0,0.0,0.0,3.0,3.7,1233.33,0.7,0.2,285.71,0.1,0.0,0.0,67.7,24.7,364.84,25.1,25.9,1031.87,347.5,105.3,303.02,0.1,0.1,1000.0,8.1,1.0,123.46,2.0,0.9,450.0,0.4,0.1,250.0,0.1,0.0,0.0,99.9,18.1,181.18,0.0,0.0,0.0,2.2,1.2,545.45,119.8,22.4,186.98,0.2,0.3,1500.0,0.0,0.0,0.0,4.75,10.27,15.03,0.06,0.46,0.22
1,1984,14,Chhattisgarh,Durg,632.2,563.8,891.81,40.5,19.9,491.36,0.3,0.3,1000.0,0.0,0.0,0.0,0.3,0.3,1000.0,0.0,0.0,0.0,3.6,4.1,1138.89,0.6,0.2,333.33,0.1,0.1,1000.0,82.8,40.0,483.09,26.0,27.1,1042.31,305.0,70.6,231.48,0.2,0.2,1000.0,7.8,0.9,115.38,2.2,1.0,454.55,0.5,0.1,200.0,0.1,0.0,0.0,98.6,13.3,134.89,0.0,0.0,0.0,2.1,1.3,619.05,120.3,18.1,150.46,0.3,0.5,1666.67,0.0,0.0,0.0,4.73,10.7,15.43,0.05,0.45,0.17
1,1985,14,Chhattisgarh,Durg,630.8,699.8,1109.38,39.4,21.0,532.99,0.3,0.2,666.67,0.0,0.0,0.0,0.3,0.2,666.67,0.0,0.0,0.0,3.8,3.0,789.47,0.5,0.1,200.0,0.1,0.1,1000.0,87.9,38.1,433.45,28.2,31.8,1127.66,333.9,89.4,267.74,0.3,0.3,1000.0,8.2,1.1,134.15,2.3,0.7,304.35,0.4,0.1,250.0,0.1,0.0,0.0,109.3,15.6,142.73,0.0,0.0,0.0,1.1,0.7,636.36,120.3,19.0,157.94,0.3,0.3,1000.0,0.0,0.0,0.0,4.61,11.28,15.89,0.04,0.46,0.29
1,1986,14,Chhattisgarh,Durg,643.0,525.0,816.49,37.0,24.0,648.65,0.2,0.1,500.0,0.0,0.0,0.0,0.2,0.1,500.0,0.0,0.0,0.0,4.0,3.0,750.0,0.6,0.1,166.67,0.0,0.0,0.0,98.0,55.0,561.22,27.0,29.0,1074.07,225.5,63.5,281.6,1.0,1.0,1000.0,7.3,0.5,68.49,2.2,0.7,318.18,0.4,0.1,250.0,0.0,0.0,0.0,89.9,16.7,185.76,0.0,0.0,0.0,0.8,0.4,500.0,97.8,18.6,190.18,0.4,0.5,1250.0,0.0,0.0,0.0,4.8,11.31,16.11,0.06,0.43,0.31
1,1987,14,Chhattisgarh,Durg,648.0,523.0,807.1,43.0,23.0,534.88,0.3,0.2,666.67,0.0,0.0,0.0,0.3,0.2,666.67,0.0,0.0,0.0,4.0,3.0,750.0,0.4,0.1,250.0,0.0,0.0,0.0,113.5,52.1,459.03,26.0,26.0,1000.0,213.2,69.5,325.98,1.0,1.0,1000.0,6.8,1.1,161.76,2.3,1.2,521.74,0.3,0.1,333.33,0.0,0.0,0.0,84.6,12.2,144.21,0.0,0.0,0.0,0.5,0.3,600.0,93.2,22.4,240.34,0.1,0.3,3000.0,0.0,0.0,0.0,4.69,12.5,17.18,0.08,0.54,0.15
1,1988,14,Chhattisgarh,Durg,652.7,549.7,842.19,43.7,20.2,462.24,0.1,0.1,1000.0,0.0,0.0,0.0,0.1,0.1,1000.0,0.0,0.0,0.0,3.8,4.0,1052.63,0.4,0.1,250.0,0.0,0.0,0.0,118.4,57.0,481.42,25.5,29.1,1141.18,162.4,47.7,293.72,1.3,1.3,1000.0,7.5,1.4,186.67,2.5,1.4,560.0,0.3,0.1,333.33,0.0,0.0,0.0,80.5,9.6,119.25,0.0,0.0,0.0,0.7,0.6,857.14,86.1,15.0,174.22,0.2,0.5,2500.0,0.0,0.0,0.0,6.35,12.5,18.84,0.08,0.47,0.54
1,1989,14,Chhattisgarh,Durg,660.2,457.3,692.67,43.8,22.7,518.26,0.1,0.1,1000.0,0.0,0.0,0.0,0.1,0.1,1000.0,0.0,0.0,0.0,3.7,4.8,1297.3,0.4,0.1,250.0,0.0,0.0,0.0,119.6,60.5,505.85,25.1,26.9,1071.71,183.8,48.4,263.33,3.3,2.8,848.48,6.4,1.3,203.13,2.6,1.4,538.46,0.2,0.0,0.0,0.0,0.0,0.0,71.7,11.1,154.81,0.0,0.0,0.0,0.7,0.5,714.29,74.4,17.0,228.49,0.4,0.7,1750.0,0.0,0.0,0.0,4.26,14.37,18.63,0.05,0.42,0.24
1,1990,14,Chhattisgarh,Durg,682.9,806.8,1181.43,36.2,24.8,685.08,0.5,0.4,800.0,0.0,0.0,0.0,0.5,0.4,800.0,0.0,0.0,0.0,4.0,3.8,950.0,0.0,0.0,0.0,0.1,0.1,1000.0,126.2,64.6,511.89,19.0,19.6,1031.58,272.1,95.2,349.87,3.4,2.9,852.94,7.6,1.2,157.89,2.75,1.58,574.55,0.2,0.0,0.0,0.0,0.0,0.0,67.7,12.3,181.68,0.09,0.0,0.0,2.03,1.58,778.33,84.0,19.6,233.33,0.07,0.1,1428.57,0.0,0.0,0.0,4.26,14.64,18.9,0.06,0.12,0.0
1,1991,14,Chhattisgarh,Durg,680.8,773.6,1136.31,34.8,21.6,620.69,2.3,1.8,782.61,0.0,0.0,0.0,2.3,1.8,782.61,0.0,0.0,0.0,3.8,3.5,921.05,0.0,0.0,0.0,0.0,0.0,0.0,117.2,75.7,645.9,21.9,22.8,1041.1,269.9,134.8,499.44,2.6,2.7,1038.46,3.5,0.5,142.86,2.03,1.17,576.35,0.2,0.1,500.0,0.1,0.0,0.0,70.0,18.3,261.43,0.12,0.03,250.0,4.82,3.17,657.68,86.4,26.0,300.93,0.46,0.9,1956.52,0.0,0.0,0.0,4.42,15.04,19.46,0.06,0.56,0.0
1,1992,14,Chhattisgarh,Durg,688.0,777.3,1129.8,56.1,20.5,365.42,1.1,1.0,909.09,0.0,0.0,0.0,1.1,1.0,909.09,0.0,0.0,0.0,4.4,6.0,1363.64,0.0,0.0,0.0,0.0,0.0,0.0,112.6,63.4,563.06,22.8,23.6,1035.09,270.0,104.9,388.52,1.6,2.3,1437.5,2.4,0.4,166.67,3.16,1.9,601.27,0.4,0.1,250.0,0.1,0.0,0.0,73.4,16.6,226.16,0.09,0.02,222.22,9.52,6.72,705.88,90.8,28.2,310.57,0.35,0.6,1714.29,0.02,0.0,0.0,4.19,16.3,20.48,0.06,0.71,0.0
1,1993,14,Chhattisgarh,Durg,703.6,876.7,1246.02,33.8,23.8,704.14,0.2,0.2,1000.0,2.4,3.4,1416.67,2.6,3.6,1384.62,0.01,0.01,1000.0,3.8,4.2,1105.26,0.0,0.0,0.0,0.0,0.0,0.0,110.6,69.5,628.39,17.3,18.8,1086.71,303.4,130.0,428.48,2.5,2.6,1040.0,3.6,0.6,166.67,3.13,1.58,504.79,0.4,0.1,250.0,0.0,0.0,0.0,85.4,17.8,208.43,0.23,0.07,304.35,28.88,25.64,887.81,124.2,48.4,389.69,0.45,0.8,1777.78,0.03,0.0,0.0,3.9,16.97,20.87,0.07,0.74,0.0
1,1994,14,Chhattisgarh,Durg,726.8,967.9,1331.73,36.5,29.4,805.48,0.3,0.2,666.67,0.0,0.0,0.0,0.3,0.2,666.67,0.0,0.0,0.0,4.8,4.3,895.83,0.0,0.0,0.0,0.0,0.0,0.0,124.7,81.5,653.57,15.6,15.9,1019.23,315.7,127.2,402.91,1.2,1.2,1000.0,2.9,0.4,137.93,2.9,1.8,620.69,0.4,0.1,250.0,0.0,0.0,0.0,92.4,23.0,248.92,0.25,0.08,320.0,16.9,13.4,792.9,117.0,40.0,341.88,0.4,0.7,1750.0,0.0,0.0,0.0,4.07,16.66,20.74,0.06,0.65,0.0
1,1995,14,Chhattisgarh,Durg,723.3,1052.0,1454.44,37.1,26.5,714.29,0.1,0.1,1000.0,0.0,0.0,0.0,0.1,0.1,1000.0,0.0,0.0,0.0,4.2,5.6,1333.33,0.0,0.0,0.0,0.1,0.1,1000.0,124.0,61.3,494.35,15.1,12.9,854.3,318.6,80.9,253.92,0.9,1.0,1111.11,4.3,0.8,186.05,2.7,1.3,481.48,0.3,0.2,666.67,0.0,0.0,0.0,88.9,15.3,172.1,0.3,0.1,333.33,24.4,21.1,864.75,121.9,40.0,328.14,0.5,0.8,1600.0,0.0,0.0,0.0,3.68,18.54,22.22,0.07,0.68,0.39
1,1996,14,Chhattisgarh,Durg,710.9,917.2,1290.2,36.2,29.1,803.87,0.3,0.2,666.67,0.0,0.0,0.0,0.3,0.2,666.67,0.3,0.3,1000.0,3.2,4.1,1281.25,0.0,0.0,0.0,0.0,0.0,0.0,117.7,78.1,663.55,12.6,12.3,976.19,272.3,120.7,443.26,0.8,0.8,1000.0,4.5,0.7,155.56,2.4,1.2,500.0,0.4,0.2,500.0,0.0,0.0,0.0,82.5,22.6,273.94,0.3,0.1,333.33,45.0,31.0,688.89,136.3,57.6,422.6,0.6,1.1,1833.33,0.0,0.0,0.0,3.56,19.37,22.95,0.07,0.49,0.2
1,1997,14,Chhattisgarh,Durg,735.7,837.5,1138.37,35.6,18.3,514.04,1.21,0.1,82.64,0.02,0.0,0.0,1.24,0.1,80.65,0.0,0.0,0.0,3.5,3.2,914.29,0.26,0.0,0.0,0.0,0.0,0.0,111.0,48.8,439.64,12.1,7.2,595.04,282.39,11.3,40.02,1.4,1.4,1000.0,3.0,0.4,133.33,2.6,1.0,384.62,0.3,0.1,333.33,0.0,0.0,0.0,80.2,10.5,130.92,0.4,0.1,250.0,61.6,48.9,793.83,149.44,62.4,417.56,0.48,0.9,1875.0,0.0,0.0,0.0,3.32,19.78,23.1,0.08,0.45,0.13
1,1998,14,Chhattisgarh,Durg,786.51,684.62,870.45,39.96,24.84,621.62,0.27,0.27,1000.0,0.0,0.0,0.0,0.27,0.27,1000.0,0.0,0.0,0.0,5.61,5.68,1012.65,0.0,0.0,0.0,0.0,0.0,0.0,144.25,85.26,591.05,31.09,29.43,946.67,258.44,92.31,357.18,1.38,1.38,1000.0,4.64,0.81,175.37,4.33,2.05,473.57,0.4,0.1,250.0,0.0,0.0,0.0,83.45,16.78,201.06,0.0,0.0,0.0,56.07,26.09,465.2,151.86,47.57,313.25,1.17,2.27,1939.21,0.0,0.0,0.0,3.16,22.81,25.98,0.12,0.43,0.27
1,1999,14,Chhattisgarh,Durg,769.79,963.04,1251.04,0.0,0.0,0.0,0.0,0.0,0.0,0.0,0.0,0.0,0.0,0.0,0.0,0.0,0.0,0.0,3.81,4.98,1307.44,0.25,0.07,280.0,0.0,0.0,0.0,118.67,79.51,669.94,14.87,15.12,1017.27,224.35,96.35,429.46,1.38,1.38,1000.0,3.88,0.85,219.59,1.07,0.89,825.82,0.19,0.06,323.14,0.02,0.0,0.0,63.62,16.11,253.15,0.9,0.64,710.18,14.56,10.24,703.61,108.14,35.93,332.25,1.03,3.43,3340.34,0.0,0.0,0.0,3.15,23.8,26.96,0.15,0.5,0.28
1,2000,14,Chhattisgarh,Durg,748.76,467.89,624.89,29.9,17.59,588.19,0.42,0.23,558.46,0.0,0.0,0.0,0.42,0.23,558.46,0.03,0.02,631.0,3.94,3.12,792.52,0.23,0.07,304.35,0.01,0.0,0.0,98.52,49.93,506.84,16.24,5.61,345.8,26.83,7.55,281.31,1.29,1.15,894.94,3.31,0.51,155.67,2.59,0.65,251.37,0.03,0.02,738.01,0.03,0.01,369.0,43.8,9.05,206.51,0.38,0.26,684.21,10.36,5.7,549.69,61.92,17.34,280.03,0.93,0.17,178.83,0.0,0.0,0.0,3.16,24.42,27.59,0.12,0.42,0.0
1,2001,14,Chhattisgarh,Durg,756.26,978.69,1294.13,34.33,24.11,702.43,0.28,0.25,902.45,0.0,0.0,0.0,0.28,0.25,902.45,0.02,0.0,0.0,3.9,2.62,672.21,0.22,0.06,272.73,0.01,0.01,1000.0,117.53,86.49,735.92,14.56,5.58,383.23,30.18,9.08,300.83,1.2,1.71,1423.7,3.1,0.7,226.78,2.59,0.84,323.74,0.05,0.04,684.5,0.05,0.02,315.5,48.48,13.03,268.77,0.72,0.51,708.33,8.25,6.01,728.76,68.51,22.84,333.41,1.14,0.21,188.49,0.01,0.0,0.0,2.96,26.64,29.62,0.1,0.6,0.15
1,2002,14,Chhattisgarh,Durg,753.41,484.9,643.6,33.25,25.09,754.44,0.22,0.21,947.81,0.0,0.0,0.0,0.22,0.21,947.81,0.01,0.0,0.0,3.71,4.76,1284.3,0.23,0.05,217.39,0.01,0.01,1000.0,122.65,78.25,637.98,15.66,6.33,404.43,30.66,8.27,269.85,1.25,1.67,1338.07,3.91,1.0,255.53,2.8,0.85,302.88,0.13,0.04,311.46,0.01,0.0,0.0,39.54,11.09,280.51,0.76,0.53,696.21,12.88,6.91,536.3,61.3,22.07,359.97,1.42,0.29,206.84,0.02,0.01,500.0,2.87,26.54,29.41,0.09,0.51,0.15
1,2003,14,Chhattisgarh,Durg,766.58,1145.82,1494.73,37.99,29.58,778.78,0.17,0.15,872.07,0.0,0.0,0.0,0.17,0.15,872.07,0.0,0.0,0.0,3.4,3.35,983.49,0.24,0.08,333.33,0.03,0.02,666.67,138.93,136.35,981.46,12.66,7.39,583.78,32.12,10.22,318.35,0.96,1.33,1384.66,3.86,1.06,274.07,2.96,1.11,373.79,0.31,0.08,264.99,0.02,0.0,0.0,39.76,12.17,306.16,1.38,0.92,665.96,17.76,15.27,859.5,61.47,22.11,359.67,1.99,0.41,207.38,0.07,0.05,714.29,2.8,26.68,29.48,0.12,0.63,0.11
1,2004,14,Chhattisgarh,Durg,775.99,984.31,1268.46,36.43,23.19,636.48,0.16,0.11,678.48,0.0,0.0,0.0,0.16,0.11,678.48,0.0,0.0,0.0,3.26,3.87,1186.04,0.25,0.09,360.0,0.01,0.01,1000.0,163.22,81.77,501.01,12.55,6.26,498.67,33.57,9.43,280.83,0.7,1.08,1526.54,2.48,0.74,299.01,3.57,1.22,341.04,0.34,0.08,225.9,0.04,0.02,500.0,37.48,8.29,221.27,1.4,0.97,692.22,27.4,25.72,938.76,67.23,31.95,475.24,3.14,0.65,206.84,0.41,0.21,512.2,2.66,27.75,30.42,0.1,0.6,0.16
1,2005,14,Chhattisgarh,Durg,775.99,984.31,1268.46,36.43,23.19,636.48,0.18,0.11,604.58,0.0,0.0,0.0,0.18,0.11,604.58,0.0,0.0,0.0,3.26,3.87,1186.04,0.25,0.09,360.0,0.01,0.01,1000.0,163.22,81.77,501.01,12.55,6.26,498.67,250.12,74.99,299.83,0.7,1.08,1526.54,2.48,0.74,299.01,3.57,1.22,341.04,0.34,0.08,225.9,0.04,0.02,500.0,37.48,8.29,221.27,1.4,0.97,692.22,27.4,25.72,938.76,73.67,38.16,517.97,3.14,0.65,206.84,0.0,0.0,0.0,2.57,28.64,31.21,0.12,0.57,0.13
1,2006,14,Chhattisgarh,Durg,781.7,1177.1,1505.81,36.81,26.62,723.16,0.21,0.15,717.19,0.0,0.0,0.0,0.21,0.15,717.19,0.0,0.0,0.0,5.28,5.03,953.14,0.12,0.04,333.33,0.0,0.0,0.0,170.6,123.47,723.74,10.79,4.65,431.39,234.58,127.67,544.25,0.71,1.04,1465.31,3.6,1.04,290.09,4.29,1.26,294.49,0.29,0.08,264.68,0.04,0.01,250.0,36.57,9.28,253.83,1.99,1.25,628.38,40.33,35.86,889.29,88.02,49.86,566.49,6.83,0.72,105.93,0.19,0.05,263.16,2.43,29.03,31.47,0.09,0.51,0.09
1,2007,14,Chhattisgarh,Durg,799.89,1095.84,1369.98,37.32,34.38,921.03,0.17,0.03,177.1,0.0,0.0,0.0,0.18,0.17,920.85,0.0,0.0,0.0,3.3,3.82,1157.23,0.19,0.05,263.16,0.06,0.07,1166.67,143.2,130.29,909.8,10.07,4.96,493.05,225.92,404.31,1789.63,0.56,0.87,1551.07,2.18,0.65,297.9,3.25,1.22,375.35,0.22,0.05,227.27,0.1,0.04,356.05,27.24,8.44,309.82,0.92,0.74,797.55,61.86,71.13,1149.7,96.56,82.96,859.2,9.84,1.21,123.15,0.04,0.01,250.0,2.26,30.42,32.68,0.1,0.39,0.13
1,2008,14,Chhattisgarh,Durg,803.37,704.09,876.42,36.46,31.19,855.47,0.21,0.07,334.29,0.0,0.0,0.0,0.21,0.26,1244.99,0.0,0.0,0.0,3.4,3.35,984.92,0.2,0.06,300.0,0.06,0.06,1000.0,131.94,113.04,856.71,9.83,5.41,550.84,188.25,149.66,795.01,0.46,0.72,1567.28,1.76,0.44,253.22,3.63,1.23,340.02,0.23,0.06,260.87,0.01,0.0,0.0,18.05,4.59,254.22,0.31,0.22,690.96,70.14,66.01,941.19,94.77,73.18,772.2,7.54,0.84,111.7,0.01,0.01,1000.0,2.16,31.68,33.85,0.16,0.41,0.1
1,2009,14,Chhattisgarh,Durg,789.04,622.05,788.37,42.44,38.12,898.09,0.19,0.07,369.59,0.0,0.0,0.0,0.19,0.22,1180.57,0.0,0.0,0.0,3.25,3.4,1045.97,0.17,0.04,235.29,0.06,0.01,166.67,147.22,130.06,883.44,11.33,5.88,518.7,155.28,67.34,433.68,0.56,1.02,1814.16,1.83,0.74,404.09,3.7,1.58,428.18,0.32,0.07,218.75,0.02,0.0,0.0,15.71,4.24,269.77,0.45,0.3,654.12,72.21,64.92,898.97,94.84,72.74,767.05,7.13,1.65,231.58,0.01,0.0,0.0,2.19,30.75,32.94,4.31,0.51,0.06
1,2010,14,Chhattisgarh,Durg,777.92,1319.18,1695.77,46.12,45.87,994.69,0.23,0.32,1393.94,0.06,0.0,0.0,0.23,0.32,1393.94,1.67,2.41,1443.11,3.17,4.63,1457.32,0.0,0.0,0.0,0.09,0.07,777.78,184.26,174.84,948.89,13.02,5.24,402.03,180.24,91.25,506.28,0.51,0.96,1861.6,2.2,0.57,260.12,6.09,2.17,355.94,0.4,0.1,250.0,0.0,0.0,0.0,12.54,3.14,250.58,0.4,0.29,725.0,91.77,105.41,1148.66,114.35,112.83,986.66,4.42,1.13,256.96,0.0,0.0,0.0,2.0,32.29,34.3,0.11,0.49,0.15
1,2011,14,Chhattisgarh,Durg,806.55,1416.48,1756.23,44.98,50.19,1115.68,0.26,0.2,774.6,0.0,0.0,0.0,0.26,0.2,774.6,0.0,0.0,0.0,3.63,4.67,1285.56,0.16,0.04,250.0,0.15,0.17,1133.33,196.27,197.94,1008.49,12.4,5.46,440.09,72.71,32.84,451.66,0.54,0.84,1561.11,1.59,0.55,347.76,3.84,1.61,418.76,0.15,0.03,203.94,0.0,0.0,0.0,12.7,4.96,390.64,0.18,0.15,833.33,87.07,69.83,802.03,106.25,78.18,735.8,4.07,2.06,506.02,0.08,0.02,250.0,0.0,0.0,0.0,0.12,0.54,0.0
1,2012,14,Chhattisgarh,Durg,807.07,1534.22,1900.97,43.87,47.69,1087.1,0.7,0.49,705.81,0.0,0.0,0.0,0.7,0.49,705.81,0.0,0.0,0.0,3.12,4.8,1538.56,0.18,0.05,277.78,0.19,0.11,578.95,208.6,235.92,1130.97,11.23,6.1,543.12,160.54,60.53,377.05,0.48,0.72,1502.72,1.72,0.47,272.66,3.77,1.64,434.56,0.36,0.09,252.03,0.05,0.02,400.0,11.38,4.76,418.13,0.19,0.14,736.84,85.05,101.62,1194.76,104.27,109.66,1051.69,4.97,1.26,252.98,0.13,0.02,153.85,1.99,33.7,35.69,0.12,0.54,1.32
1,2013,14,Chhattisgarh,Durg,819.44,1296.24,1581.86,41.54,43.33,1043.06,0.0,0.0,0.0,0.0,0.0,0.0,0.27,0.17,636.36,0.08,0.07,909.09,3.64,6.34,1742.2,0.17,0.04,235.29,0.22,0.12,545.45,229.99,173.91,756.19,11.37,5.68,499.89,142.9,56.73,397.0,0.49,0.9,1817.44,1.44,0.37,258.89,3.57,1.68,469.08,0.23,0.05,217.39,0.0,0.0,0.0,9.62,3.38,351.35,0.24,0.11,458.33,92.28,92.65,1003.99,108.22,99.31,917.64,3.94,0.93,237.45,0.05,0.01,200.0,1.9,32.83,34.74,0.11,0.5,0.77
1,2014,14,Chhattisgarh,Durg,834.87,1444.24,1729.89,44.25,50.96,1151.49,0.0,0.0,0.0,0.0,0.0,0.0,0.22,0.18,809.24,0.06,0.04,750.0,4.02,5.84,1451.66,0.13,0.03,230.77,0.14,0.11,785.71,228.75,241.58,1056.09,14.6,9.18,628.58,144.21,97.92,679.02,0.43,0.7,1627.06,1.25,0.53,425.14,3.73,1.76,473.43,0.23,0.05,217.39,0.01,0.0,0.0,7.94,3.04,383.47,0.2,0.1,500.0,85.84,39.93,465.22,99.93,46.2,462.3,5.75,3.46,602.17,0.05,0.02,400.0,0.0,0.0,0.0,0.33,0.51,0.0
1,2015,14,Chhattisgarh,Durg,817.68,880.6,1076.95,48.72,54.6,1120.74,0.0,0.0,0.0,0.0,0.0,0.0,0.18,0.19,1039.58,0.0,0.0,0.0,9.87,14.47,1467.17,0.06,0.01,166.67,0.04,0.03,750.0,220.27,166.24,754.73,24.71,11.01,445.48,121.23,47.02,387.89,0.44,0.75,1687.82,2.34,0.87,374.48,4.88,2.41,493.81,0.36,0.12,333.33,0.01,0.0,0.0,7.17,2.34,326.49,0.05,0.04,800.0,98.2,49.1,500.02,113.88,37.19,326.61,11.23,2.57,228.49,0.05,0.01,200.0,0.0,0.0,0.0,0.16,0.46,1.83
1,2016,14,Chhattisgarh,Durg,858.91,1791.66,2085.96,48.94,61.84,1263.55,0.0,0.0,0.0,0.0,0.0,0.0,0.08,0.13,1592.3,0.0,0.0,1000.0,7.95,16.12,2028.48,0.06,0.01,209.68,0.01,0.01,1333.33,227.24,264.01,1161.83,23.18,14.82,639.15,92.18,92.38,1002.1,0.35,0.7,2020.21,2.06,0.78,377.4,4.27,1.89,442.1,0.08,0.03,349.4,0.0,0.0,0.0,0.0,0.0,0.0,0.02,0.0,0.0,81.71,60.69,742.71,0.0,0.0,0.0,18.52,7.21,389.38,0.06,0.02,317.81,2.14,39.44,41.59,0.05,0.37,0.05
1,2017,14,Chhattisgarh,Durg,841.13,983.21,1168.92,43.5,50.19,1153.77,0.0,0.0,0.0,0.0,0.0,0.0,0.11,0.14,1268.62,0.01,0.0,333.33,9.25,18.09,1956.03,0.01,0.0,285.71,0.0,0.0,1000.0,258.46,259.45,1003.82,26.24,10.69,407.16,109.08,46.03,421.98,0.45,0.77,1722.94,1.8,0.49,273.92,4.7,2.0,425.21,0.29,0.12,395.19,0.0,0.0,0.0,4.6,1.16,252.72,0.01,0.0,0.0,77.4,25.02,323.3,0.0,0.0,0.0,19.85,3.59,181.06,0.45,0.13,297.85,0.0,0.0,0.0,0.08,0.19,0.0
2,1966,14,Chhattisgarh,Bastar,406.0,261.0,642.86,2.0,1.0,500.0,4.9,4.2,857.14,0.0,0.0,0.0,4.9,4.2,857.14,0.0,0.0,0.0,23.0,31.0,1347.83,10.4,2.3,221.15,0.0,0.0,0.0,1.9,0.5,263.16,3.0,2.0,666.67,51.7,-1.0,-1.0,0.0,0.0,0.0,2.6,0.2,76.92,17.4,4.1,235.63,0.0,0.0,0.0,0.1,0.0,0.0,1.6,0.2,125.0,0.0,0.0,0.0,0.0,0.0,0.0,33.98,-1.0,-1.0,0.7,2.4,3428.57,0.0,0.0,0.0,1.4,3.44,4.85,0.06,0.18,0.0
2,1967,14,Chhattisgarh,Bastar,414.0,319.0,770.53,2.0,1.0,500.0,5.7,4.6,807.02,0.0,0.0,0.0,5.7,4.6,807.02,0.0,0.0,0.0,24.0,34.0,1416.67,10.7,2.7,252.34,0.0,0.0,0.0,2.0,1.0,500.0,3.0,3.0,1000.0,55.54,-1.0,-1.0,0.0,0.0,0.0,3.2,0.2,62.5,17.3,4.3,248.55,0.0,0.0,0.0,0.1,0.0,0.0,2.9,0.6,206.9,0.0,0.0,0.0,0.0,0.0,0.0,35.69,-1.0,-1.0,0.9,2.8,3111.11,0.0,0.0,0.0,2.1,3.1,5.2,0.06,0.17,1.73
2,1968,14,Chhattisgarh,Bastar,423.2,294.0,694.71,2.3,1.0,434.78,6.9,5.3,768.12,0.0,0.0,0.0,6.9,5.3,768.12,0.0,0.0,0.0,24.7,24.0,971.66,11.4,2.9,254.39,0.0,0.2,0.0,2.5,1.0,400.0,2.2,2.0,909.09,57.02,-1.0,-1.0,0.0,0.0,0.0,3.3,0.5,151.52,17.8,6.2,348.31,0.0,0.0,0.0,0.1,0.0,0.0,3.4,0.5,147.06,0.0,0.0,0.0,0.0,0.0,0.0,37.22,-1.0,-1.0,1.2,3.7,3083.33,0.0,0.0,0.0,2.23,3.1,5.33,0.06,0.16,1.53
2,1969,14,Chhattisgarh,Bastar,429.1,329.0,766.72,2.3,1.5,652.17,6.8,4.8,705.88,0.0,0.0,0.0,6.8,4.8,705.88,0.0,0.0,0.0,25.1,25.0,996.02,11.0,2.8,254.55,0.0,0.2,0.0,2.4,0.9,375.0,2.2,2.0,909.09,58.27,18.0,308.91,0.0,0.0,0.0,3.3,0.4,121.21,18.4,6.2,336.96,0.0,0.0,0.0,0.1,0.0,0.0,3.5,0.8,228.57,0.0,0.0,0.0,0.0,0.0,0.0,38.09,10.3,270.41,1.2,4.1,3416.67,0.0,0.0,0.0,2.13,3.49,5.63,0.08,0.17,1.52
2,1970,14,Chhattisgarh,Bastar,437.7,316.8,723.78,2.4,1.9,791.67,6.5,5.2,800.0,0.0,0.0,0.0,6.5,5.2,800.0,0.0,0.0,0.0,25.4,36.1,1421.26,10.8,2.9,268.52,0.0,0.0,0.0,2.2,0.8,363.64,2.5,2.9,1160.0,57.6,18.0,312.5,0.0,0.0,0.0,3.2,0.3,93.75,18.0,5.5,305.56,0.0,0.0,0.0,0.1,0.0,0.0,4.4,0.9,204.55,0.0,0.0,0.0,0.0,0.0,0.0,40.3,9.7,240.69,1.1,3.8,3454.55,0.0,0.0,0.0,2.17,3.8,5.97,0.06,0.18,0.66
2,1971,14,Chhattisgarh,Bastar,445.6,366.6,822.71,2.5,1.5,600.0,6.2,4.1,661.29,0.0,0.0,0.0,6.2,4.1,661.29,0.0,0.0,0.0,26.8,35.1,1309.7,10.9,3.0,275.23,0.0,0.0,0.0,2.3,1.0,434.78,3.3,3.9,1181.82,55.4,17.5,315.88,0.0,0.0,0.0,2.9,0.3,103.45,19.0,7.0,368.42,0.0,0.0,0.0,0.1,0.0,0.0,4.5,0.9,200.0,0.0,0.0,0.0,0.0,0.0,0.0,42.5,12.6,296.47,1.2,3.8,3166.67,0.0,0.0,0.0,1.83,4.15,5.98,0.07,0.2,0.52
2,1972,14,Chhattisgarh,Bastar,443.1,285.8,645.0,2.7,1.7,629.63,6.6,5.2,787.88,0.0,0.0,0.0,6.6,5.2,787.88,0.0,0.0,0.0,26.8,37.1,1384.33,11.2,2.8,250.0,0.0,0.0,0.0,2.0,0.7,350.0,3.1,3.9,1258.06,55.0,16.8,305.45,0.0,0.0,0.0,2.8,0.4,142.86,20.4,9.5,465.69,0.1,0.0,0.0,0.1,0.0,0.0,4.6,0.9,195.65,0.0,0.0,0.0,0.0,0.0,0.0,43.1,14.1,327.15,1.1,3.7,3363.64,0.0,0.0,0.0,2.09,4.1,6.19,0.06,0.2,0.23
2,1973,14,Chhattisgarh,Bastar,450.5,364.3,808.66,2.6,1.9,730.77,8.1,6.9,851.85,0.0,0.0,0.0,8.1,6.9,851.85,0.0,0.0,0.0,27.4,39.4,1437.96,11.8,3.0,254.24,0.0,0.0,0.0,2.1,0.9,428.57,3.6,3.0,833.33,58.9,19.7,334.47,0.0,0.0,0.0,3.2,0.4,125.0,20.9,11.0,526.32,0.0,0.0,0.0,0.1,0.0,0.0,6.0,1.3,216.67,0.0,0.0,0.0,0.0,0.0,0.0,49.2,16.8,341.46,1.2,4.0,3333.33,0.0,0.0,0.0,1.83,4.52,6.35,0.06,0.19,0.08
2,1974,14,Chhattisgarh,Bastar,451.6,302.9,670.73,2.4,2.0,833.33,8.1,5.8,716.05,0.0,0.0,0.0,8.1,5.8,716.05,0.0,0.0,0.0,28.2,34.6,1226.95,11.2,2.7,241.07,0.0,0.0,0.0,1.6,0.5,312.5,3.5,4.0,1142.86,57.3,17.6,307.16,0.0,0.0,0.0,3.2,0.4,125.0,21.7,10.7,493.09,0.0,0.0,0.0,0.1,0.0,0.0,3.9,0.7,179.49,0.0,0.0,0.0,0.0,0.0,0.0,50.2,15.9,316.73,1.2,3.7,3083.33,0.0,0.0,0.0,2.12,4.72,6.85,0.06,0.19,0.09
2,1975,14,Chhattisgarh,Bastar,458.3,407.9,890.03,3.7,2.9,783.78,9.1,7.9,868.13,0.0,0.0,0.0,9.1,7.9,868.13,0.0,0.0,0.0,29.4,34.8,1183.67,12.2,3.5,286.89,0.0,0.0,0.0,2.1,0.8,380.95,3.7,4.4,1189.19,56.8,19.5,343.31,0.0,0.0,0.0,2.9,0.4,137.93,22.9,12.3,537.12,0.0,0.0,0.0,0.1,0.0,0.0,6.2,1.3,209.68,0.0,0.0,0.0,0.0,0.0,0.0,53.3,17.8,333.96,1.1,3.7,3363.64,0.0,0.0,0.0,2.09,4.38,6.47,0.06,0.22,0.13
2,1976,14,Chhattisgarh,Bastar,459.6,296.1,644.26,3.3,2.2,666.67,7.4,4.7,635.14,0.0,0.0,0.0,7.4,4.7,635.14,0.0,0.0,0.0,28.7,32.6,1135.89,11.3,2.0,176.99,0.0,0.0,0.0,1.4,0.4,285.71,3.4,2.4,705.88,45.6,9.8,214.91,0.0,0.0,0.0,2.2,0.2,90.91,12.5,2.4,192.0,0.0,0.0,0.0,0.1,0.0,0.0,4.3,0.5,116.28,0.0,0.0,0.0,0.0,0.0,0.0,37.3,5.2,139.41,0.9,2.9,3222.22,0.0,0.0,0.0,2.08,4.63,6.71,0.07,0.03,0.1
2,1977,14,Chhattisgarh,Bastar,473.4,430.4,909.17,3.3,2.6,787.88,7.7,6.0,779.22,0.0,0.0,0.0,7.7,6.0,779.22,0.0,0.0,0.0,29.3,29.2,996.59,10.4,2.6,250.0,0.0,0.0,0.0,2.0,0.7,350.0,3.0,3.2,1066.67,47.3,14.7,310.78,0.0,0.0,0.0,2.0,0.2,100.0,15.9,4.7,295.6,0.0,0.0,0.0,0.1,0.0,0.0,6.2,1.2,193.55,0.0,0.0,0.0,0.0,0.0,0.0,44.2,10.6,239.82,0.8,2.5,3125.0,0.0,0.0,0.0,2.1,4.57,6.67,0.07,0.17,0.09
2,1978,14,Chhattisgarh,Bastar,490.4,402.2,820.15,3.0,2.8,933.33,9.1,6.3,692.31,0.0,0.0,0.0,9.1,6.3,692.31,0.0,0.0,0.0,27.6,30.2,1094.2,11.2,2.9,258.93,0.0,0.0,0.0,1.7,0.6,352.94,3.1,2.0,645.16,49.6,15.8,318.55,0.0,0.0,0.0,1.7,0.1,58.82,18.7,7.1,379.68,0.0,0.0,0.0,0.1,0.0,0.0,7.5,1.4,186.67,0.0,0.0,0.0,0.0,0.0,0.0,44.8,11.8,263.39,0.8,2.8,3500.0,0.0,0.0,0.0,2.05,4.47,6.51,0.07,0.16,0.12
2,1979,14,Chhattisgarh,Bastar,497.5,309.2,621.51,3.0,2.4,800.0,9.4,8.3,882.98,0.0,0.0,0.0,9.4,8.3,882.98,0.0,0.0,0.0,27.0,39.4,1459.26,11.3,3.2,283.19,0.0,0.0,0.0,2.1,0.6,285.71,2.4,1.4,583.33,50.0,16.3,326.0,0.0,0.0,0.0,1.8,0.1,55.56,17.3,4.7,271.68,0.0,0.0,0.0,0.0,0.0,0.0,7.3,0.9,123.29,0.0,0.0,0.0,0.0,0.0,0.0,41.3,8.8,213.08,0.7,1.7,2428.57,0.0,0.0,0.0,2.01,4.47,6.49,0.08,0.18,0.13
2,1980,14,Chhattisgarh,Bastar,519.4,391.8,754.33,2.9,3.1,1068.97,9.4,8.1,861.7,0.0,0.0,0.0,9.4,8.1,861.7,0.0,0.0,0.0,28.0,30.3,1082.14,10.8,3.1,287.04,0.0,0.1,0.0,1.8,0.6,333.33,2.0,1.7,850.0,51.1,16.0,313.11,0.0,0.0,0.0,1.8,0.1,55.56,16.7,8.0,479.04,0.0,0.0,0.0,0.1,0.0,0.0,5.2,0.8,153.85,0.0,0.0,0.0,0.0,0.0,0.0,37.5,9.8,261.33,0.5,1.7,3400.0,0.0,0.0,0.0,2.02,4.21,6.23,0.08,0.17,0.11
2,1981,14,Chhattisgarh,Bastar,523.5,389.3,743.65,3.0,3.3,1100.0,9.0,8.2,911.11,0.0,0.0,0.0,9.0,8.2,911.11,0.0,0.0,0.0,27.0,29.4,1088.89,11.6,3.0,258.62,0.1,0.1,1000.0,2.0,0.8,400.0,2.0,2.9,1450.0,50.2,15.4,306.77,0.0,0.0,0.0,2.0,0.2,100.0,14.8,7.0,472.97,0.0,0.0,0.0,0.0,0.0,0.0,5.6,1.0,178.57,0.0,0.0,0.0,0.0,0.0,0.0,38.6,11.0,284.97,0.6,2.1,3500.0,0.0,0.0,0.0,2.08,4.77,6.84,0.08,0.15,0.1
2,1982,14,Chhattisgarh,Bastar,527.7,372.4,705.7,3.2,3.9,1218.75,9.0,5.5,611.11,0.0,0.0,0.0,9.0,5.5,611.11,0.0,0.0,0.0,28.0,36.7,1310.71,11.8,3.5,296.61,0.1,0.1,1000.0,2.3,1.0,434.78,1.9,1.9,1000.0,54.2,17.7,326.57,0.0,0.0,0.0,1.8,0.1,55.56,14.9,6.3,422.82,0.0,0.0,0.0,0.0,0.0,0.0,4.2,0.8,190.48,0.0,0.0,0.0,0.2,0.1,500.0,41.7,11.7,280.58,0.6,2.1,3500.0,0.0,0.0,0.0,2.06,5.07,7.13,0.08,0.18,0.11
2,1983,14,Chhattisgarh,Bastar,538.0,408.0,758.36,2.9,2.7,931.03,10.0,9.4,940.0,0.0,0.0,0.0,10.0,9.4,940.0,0.0,0.0,0.0,29.0,39.0,1344.83,11.6,3.5,301.72,0.0,0.0,0.0,2.2,0.9,409.09,2.2,3.1,1409.09,55.1,20.3,368.42,0.0,0.0,0.0,1.8,0.1,55.56,16.2,7.6,469.14,0.0,0.0,0.0,0.0,0.0,0.0,4.1,1.0,243.9,0.0,0.0,0.0,0.3,0.2,666.67,43.5,13.5,310.34,0.8,2.8,3500.0,0.0,0.0,0.0,2.08,4.92,7.0,0.06,0.14,0.07
2,1984,14,Chhattisgarh,Bastar,533.4,395.6,741.66,2.8,3.0,1071.43,9.7,10.1,1041.24,0.0,0.0,0.0,9.7,10.1,1041.24,0.0,0.0,0.0,28.8,42.8,1486.11,10.7,2.8,261.68,0.0,0.0,0.0,2.4,1.0,416.67,2.1,2.6,1238.1,52.8,18.3,346.59,0.0,0.0,0.0,2.8,0.4,142.86,16.5,7.5,454.55,0.0,0.0,0.0,0.0,0.0,0.0,4.7,1.0,212.77,0.0,0.0,0.0,0.2,0.1,500.0,43.7,12.5,286.04,0.8,2.6,3250.0,0.0,0.0,0.0,2.23,4.86,7.09,0.06,0.12,0.04
2,1985,14,Chhattisgarh,Bastar,555.4,834.3,1502.16,2.6,2.6,1000.0,9.3,9.8,1053.76,0.0,0.0,0.0,9.3,9.8,1053.76,0.0,0.0,0.0,28.7,32.4,1128.92,10.8,3.1,287.04,0.0,0.0,0.0,2.3,1.0,434.78,2.2,3.1,1409.09,55.0,20.2,367.27,0.0,0.0,0.0,2.0,0.3,150.0,16.5,6.7,406.06,0.0,0.0,0.0,0.0,0.0,0.0,4.4,0.9,204.55,0.0,0.0,0.0,0.2,0.1,500.0,45.4,12.3,270.93,0.2,0.6,3000.0,0.0,0.0,0.0,2.31,5.06,7.37,0.08,0.14,0.03
2,1986,14,Chhattisgarh,Bastar,556.0,403.0,724.82,3.0,3.0,1000.0,9.0,8.0,888.89,0.0,0.0,0.0,9.0,8.0,888.89,0.0,0.0,0.0,28.0,34.0,1214.29,11.0,3.0,272.73,0.0,0.0,0.0,3.0,1.0,333.33,3.0,4.0,1333.33,54.4,18.6,341.91,0.0,0.0,0.0,2.0,0.2,100.0,16.4,6.0,365.85,0.0,0.0,0.0,0.0,0.0,0.0,4.5,1.1,244.44,0.0,0.0,0.0,0.2,0.1,500.0,44.1,11.1,251.7,0.4,1.4,3500.0,0.0,0.0,0.0,2.26,5.21,7.47,0.07,0.11,0.03
2,1987,14,Chhattisgarh,Bastar,555.0,382.0,688.29,3.0,2.0,666.67,9.0,9.1,1011.11,0.0,0.0,0.0,9.0,9.1,1011.11,0.0,0.0,0.0,28.0,34.0,1214.29,11.0,3.0,272.73,0.0,0.0,0.0,3.0,1.0,333.33,3.0,3.0,1000.0,56.0,20.5,366.07,0.0,0.0,0.0,2.3,0.4,173.91,16.6,9.3,560.24,0.0,0.0,0.0,0.0,0.0,0.0,3.9,1.0,256.41,0.0,0.0,0.0,0.2,0.1,500.0,45.0,14.5,322.22,0.1,0.4,4000.0,0.0,0.0,0.0,2.42,5.76,8.17,0.09,0.12,0.03
2,1988,14,Chhattisgarh,Bastar,572.8,553.2,965.78,2.8,3.0,1071.43,9.4,8.6,914.89,0.0,0.0,0.0,9.4,8.6,914.89,0.0,0.0,0.0,28.6,40.9,1430.07,11.3,3.2,283.19,0.0,0.0,0.0,2.7,1.1,407.41,3.0,4.1,1366.67,55.7,20.4,366.25,0.1,0.1,1000.0,2.5,0.5,200.0,16.9,9.9,585.8,0.0,0.0,0.0,0.0,0.0,0.0,3.7,0.9,243.24,0.0,0.0,0.0,0.2,0.1,500.0,44.9,14.8,329.62,0.2,0.6,3000.0,0.0,0.0,0.0,2.43,5.76,8.18,0.1,0.2,0.03
2,1989,14,Chhattisgarh,Bastar,571.7,544.7,952.77,2.6,2.7,1038.46,9.0,9.1,1011.11,0.0,0.0,0.0,9.0,9.1,1011.11,0.0,0.0,0.0,28.4,54.7,1926.06,10.5,3.1,295.24,0.0,0.0,0.0,2.4,1.0,416.67,3.0,4.5,1500.0,56.2,19.9,354.09,0.1,0.0,0.0,3.3,0.8,242.42,15.9,8.9,559.75,0.0,0.0,0.0,0.0,0.0,0.0,3.2,0.7,218.75,0.0,0.0,0.0,0.1,0.1,1000.0,44.2,14.0,316.74,0.2,0.7,3500.0,0.0,0.0,0.0,2.31,6.01,8.31,0.12,0.21,0.03
2,1990,14,Chhattisgarh,Bastar,579.0,561.9,970.47,2.0,2.4,1200.0,5.6,5.5,982.14,2.5,2.3,920.0,8.1,7.8,962.96,0.0,0.0,0.0,27.5,40.6,1476.36,0.0,0.0,0.0,0.0,0.0,0.0,1.9,0.9,473.68,2.8,4.2,1500.0,59.3,22.0,370.99,0.1,0.0,0.0,2.8,0.5,178.57,15.3,9.78,639.22,0.0,0.0,0.0,0.0,0.0,0.0,3.3,0.7,212.12,0.0,0.0,0.0,0.05,0.04,800.0,43.7,15.0,343.25,0.3,1.1,3666.67,0.0,0.0,0.0,2.26,6.76,9.02,0.11,0.2,0.0
2,1991,14,Chhattisgarh,Bastar,582.3,624.3,1072.13,2.2,3.0,1363.64,5.4,5.6,1037.04,2.3,1.8,782.61,7.7,7.4,961.04,0.0,0.0,0.0,27.5,40.8,1483.64,0.0,0.0,0.0,0.0,0.0,0.0,1.7,1.0,588.24,2.6,3.5,1346.15,59.5,22.4,376.47,0.0,0.0,0.0,2.5,0.4,160.0,15.26,10.52,689.38,0.0,0.0,0.0,0.0,0.0,0.0,3.0,0.8,266.67,0.04,0.01,250.0,0.02,0.02,1000.0,43.6,16.1,369.27,0.17,0.5,2941.18,0.0,0.0,0.0,2.24,7.38,9.62,0.31,0.26,0.0
2,1992,14,Chhattisgarh,Bastar,584.4,533.3,912.56,1.6,2.0,1250.0,5.3,5.3,1000.0,2.2,3.0,1363.64,7.5,8.3,1106.67,0.0,0.0,0.0,27.5,46.3,1683.64,0.0,0.0,0.0,0.0,0.0,0.0,1.7,0.8,470.59,2.7,3.4,1259.26,57.5,20.3,353.04,0.0,0.0,0.0,2.4,0.5,208.33,11.99,6.37,531.28,0.0,0.0,0.0,0.0,0.0,0.0,2.8,0.6,214.29,0.11,0.02,181.82,0.94,0.87,925.53,40.6,11.7,288.18,0.37,1.3,3513.51,0.0,0.0,0.0,2.28,7.44,9.71,0.13,0.14,0.0
2,1993,14,Chhattisgarh,Bastar,605.3,603.7,997.36,1.8,2.6,1444.44,5.5,6.0,1090.91,0.0,3.4,0.0,5.5,9.4,1709.09,0.0,0.0,0.0,27.2,43.9,1613.97,0.0,0.0,0.0,0.0,0.0,0.0,2.0,1.1,550.0,2.8,3.9,1392.86,60.9,23.3,382.59,0.1,0.1,1000.0,2.8,0.7,250.0,12.77,6.5,509.01,0.0,0.0,0.0,0.0,0.0,0.0,3.6,0.9,250.0,0.07,0.02,285.71,0.69,0.73,1057.97,42.2,12.6,298.58,0.24,0.9,3750.0,0.0,0.0,0.0,2.28,8.03,10.3,0.15,0.26,0.0
2,1994,14,Chhattisgarh,Bastar,609.9,604.0,990.33,1.6,2.4,1500.0,5.3,4.6,867.92,2.1,1.6,761.9,7.4,6.2,837.84,0.0,0.0,0.0,25.5,32.2,1262.75,0.0,0.0,0.0,0.0,0.0,0.0,1.9,1.2,631.58,2.6,3.5,1346.15,57.4,23.2,404.18,0.1,0.1,1000.0,2.4,0.5,208.33,12.4,7.1,572.58,0.0,0.0,0.0,0.0,0.0,0.0,4.7,1.2,255.32,0.05,0.01,200.0,0.4,0.4,1000.0,41.8,13.1,313.4,0.3,0.9,3000.0,0.0,0.0,0.0,2.27,8.79,11.06,0.0,0.0,0.0
2,1995,14,Chhattisgarh,Bastar,619.0,589.1,951.7,1.6,2.5,1562.5,5.0,5.4,1080.0,2.0,2.3,1150.0,7.0,7.7,1100.0,0.0,0.0,0.0,24.7,41.6,1684.21,0.0,0.0,0.0,0.0,0.0,0.0,2.0,1.1,550.0,2.4,2.7,1125.0,60.0,23.6,393.33,0.1,0.1,1000.0,2.6,0.6,230.77,11.7,6.7,572.65,0.0,0.0,0.0,0.0,0.0,0.0,5.2,1.3,250.0,0.0,0.0,0.0,0.3,0.4,1333.33,41.5,13.4,322.89,0.3,1.1,3666.67,0.0,0.0,0.0,2.36,8.38,10.75,0.17,0.32,0.01
2,1996,14,Chhattisgarh,Bastar,644.1,670.5,1040.99,2.0,3.3,1650.0,6.1,6.4,1049.18,5.8,5.5,948.28,11.9,11.9,1000.0,0.0,0.0,0.0,24.4,38.7,1586.07,0.0,0.0,0.0,0.0,0.0,0.0,2.0,1.2,600.0,2.4,2.9,1208.33,73.1,28.0,383.04,0.1,0.1,1000.0,2.9,0.7,241.38,11.4,7.3,640.35,0.0,0.0,0.0,0.0,0.0,0.0,5.1,1.4,274.51,0.0,0.0,0.0,0.3,0.3,1000.0,55.6,20.1,361.51,0.4,1.3,3250.0,0.0,0.0,0.0,2.38,8.44,10.83,0.18,0.29,0.01
2,1997,14,Chhattisgarh,Bastar,622.8,455.0,730.57,1.4,2.2,1571.43,4.62,5.3,1147.19,1.81,0.0,0.0,6.43,5.3,824.26,0.0,0.0,0.0,24.5,34.1,1391.84,7.93,0.0,0.0,0.0,0.0,0.0,1.4,0.9,642.86,2.4,2.6,1083.33,58.55,20.1,343.3,0.1,0.1,1000.0,3.1,0.6,193.55,10.3,5.5,533.98,0.0,0.0,0.0,0.0,0.0,0.0,4.8,1.2,250.0,0.0,0.0,0.0,0.2,0.1,500.0,39.17,11.6,296.15,0.29,1.0,3448.28,0.0,0.0,0.0,2.32,8.76,11.08,0.18,0.28,0.01
2,1998,14,Chhattisgarh,Bastar,627.1,569.8,908.63,2.4,3.8,1583.33,9.0,10.3,1144.44,1.8,2.4,1333.33,10.8,12.7,1175.93,0.0,0.0,0.0,37.1,56.8,1531.0,0.0,0.0,0.0,0.0,0.0,0.0,3.1,1.7,548.39,3.4,4.0,1176.47,91.9,26.34,286.62,0.3,0.3,1000.0,6.3,1.3,206.35,16.2,8.9,549.38,0.0,0.0,0.0,0.0,0.0,0.0,6.8,2.1,308.82,0.0,0.0,0.0,0.2,0.2,1000.0,52.3,16.7,319.31,0.3,1.2,4000.0,0.1,0.0,0.0,2.35,9.75,12.1,0.2,0.22,0.0
2,1999,14,Chhattisgarh,Bastar,628.47,676.2,1075.95,0.0,0.0,0.0,0.0,0.0,0.0,0.0,0.0,0.0,0.0,0.0,0.0,0.0,0.0,0.0,25.0,46.6,1864.0,7.89,2.36,299.11,0.0,0.0,0.0,1.54,0.91,590.91,2.33,2.71,1163.09,28.46,10.7,375.97,0.0,0.0,0.0,3.4,0.82,241.18,10.08,10.53,1044.64,0.0,0.0,0.0,0.0,0.0,0.0,3.44,1.06,308.14,0.04,0.01,250.0,0.16,0.16,1000.0,9.1,3.62,397.8,0.37,1.35,3648.65,0.1,0.0,0.0,2.6,9.94,12.53,0.2,0.3,0.0
2,2000,14,Chhattisgarh,Bastar,628.03,523.9,834.2,1.7,2.75,1617.65,5.83,3.44,590.05,0.0,0.0,0.0,5.83,3.44,590.05,0.0,0.0,0.0,24.71,38.35,1552.0,7.76,1.78,229.38,0.0,0.0,0.0,1.28,0.71,554.69,2.4,1.26,525.0,66.02,21.58,326.87,0.08,0.07,875.0,3.51,0.68,193.73,9.14,3.07,335.89,0.01,0.0,0.0,0.01,0.0,0.0,2.24,0.55,245.54,0.05,0.01,200.0,0.15,0.12,800.0,15.17,4.48,295.32,0.44,0.13,295.45,0.06,0.01,166.67,2.54,10.4,12.94,0.23,0.31,0.0
2,2001,14,Chhattisgarh,Bastar,633.99,922.15,1454.52,2.5,3.88,1552.0,5.3,5.23,986.79,0.0,0.0,0.0,5.3,5.23,986.79,0.0,0.0,0.0,25.06,23.68,944.93,7.64,2.34,306.28,0.0,0.0,0.0,1.42,1.12,788.73,2.75,1.25,454.55,65.49,23.81,363.57,0.05,0.06,1200.0,3.13,0.9,287.54,9.25,3.41,368.65,0.02,0.0,0.0,0.02,0.0,0.0,2.46,0.89,361.79,0.2,0.06,300.0,0.11,0.11,1000.0,15.21,5.45,358.32,0.33,0.11,333.33,0.09,0.02,222.22,2.86,10.93,13.78,0.19,0.29,0.0
2,2002,14,Chhattisgarh,Bastar,623.9,331.38,531.14,2.09,3.76,1799.04,3.74,2.36,631.02,0.0,0.0,0.0,3.74,2.36,631.02,0.0,0.0,0.0,25.26,35.99,1424.78,7.6,1.5,197.37,0.0,0.0,0.0,1.1,0.72,654.55,2.75,1.04,378.18,61.28,13.67,223.07,0.06,0.1,1666.67,3.06,0.84,274.51,6.76,1.66,245.56,0.0,0.0,0.0,0.01,0.0,0.0,1.22,0.29,237.7,0.12,0.02,166.67,0.11,0.08,727.27,11.32,2.95,260.6,0.32,0.09,281.25,0.07,0.01,142.86,2.64,11.11,13.75,0.17,0.32,0.01
2,2003,14,Chhattisgarh,Bastar,632.58,1042.75,1648.41,2.42,3.83,1582.64,3.61,3.96,1096.95,0.0,0.0,0.0,3.61,3.96,1096.95,0.0,0.0,0.0,29.48,45.98,1559.7,7.72,2.31,299.22,0.0,0.0,0.0,1.46,1.34,917.81,2.85,1.96,687.72,61.52,21.13,343.47,0.06,0.04,666.67,3.16,1.06,335.44,7.53,3.4,451.53,0.01,0.0,0.0,0.02,0.0,0.0,1.94,0.85,438.14,0.07,0.01,142.86,0.07,0.08,1142.86,27.13,5.68,209.36,0.44,0.14,318.18,0.01,0.0,0.0,2.55,11.76,14.31,0.16,0.3,0.0
2,2004,14,Chhattisgarh,Bastar,635.47,788.65,1241.05,2.17,3.21,1479.26,3.55,2.48,698.59,0.0,0.0,0.0,3.55,2.48,698.59,0.0,0.0,0.0,30.19,49.74,1647.57,7.41,2.02,272.6,0.0,0.0,0.0,1.39,0.95,683.45,2.84,1.53,538.73,60.9,19.97,327.91,0.03,0.04,1333.33,3.21,1.08,336.45,7.34,3.03,412.81,0.0,0.0,0.0,0.03,0.01,333.33,2.12,0.8,377.36,0.07,0.01,142.86,0.06,0.07,1166.67,29.42,8.9,302.52,0.31,0.1,322.58,0.0,0.0,0.0,2.63,11.92,14.56,0.18,0.3,0.0
2,2005,14,Chhattisgarh,Bastar,635.47,788.65,1241.05,2.17,3.21,1479.26,4.56,2.48,543.86,0.0,0.0,0.0,4.56,2.48,543.86,0.0,0.0,0.0,30.19,49.74,1647.57,7.41,2.02,272.6,0.0,0.0,0.0,1.39,0.95,683.45,2.84,1.53,538.73,48.87,18.46,377.74,0.03,0.04,1333.33,3.21,1.08,336.45,7.34,3.03,412.81,0.0,0.0,0.0,0.03,0.01,333.33,2.12,0.8,377.36,0.07,0.01,142.86,0.06,0.07,1166.67,29.0,8.39,289.31,0.31,0.1,322.58,0.0,0.0,0.0,2.72,12.3,15.01,0.17,0.3,0.0
2,2006,14,Chhattisgarh,Bastar,546.54,836.54,1530.61,1.92,3.2,1666.67,1.56,2.17,1391.03,0.0,0.0,0.0,4.52,2.7,597.35,0.0,0.0,0.0,31.15,41.19,1322.31,7.2,1.84,255.56,0.0,0.0,0.0,1.47,1.07,727.89,2.84,1.38,485.92,47.91,18.73,390.94,0.05,0.04,800.0,3.51,1.01,287.75,7.28,1.89,259.62,0.0,0.0,0.0,0.01,0.0,0.0,1.97,0.66,335.03,0.07,0.02,285.71,0.06,0.05,833.33,28.87,7.0,242.47,0.96,0.14,145.83,0.0,0.0,0.0,2.69,11.18,13.87,0.16,0.32,0.0
2,2007,14,Chhattisgarh,Bastar,626.07,927.73,1481.83,1.68,3.31,1970.24,1.59,0.0,0.0,0.6,0.0,0.0,2.2,1.87,850.0,0.0,0.0,0.0,32.66,59.39,1818.43,7.15,2.05,286.71,0.0,0.0,0.0,1.53,1.42,928.1,2.4,1.76,733.33,34.04,13.74,403.64,0.04,0.06,1500.0,2.73,1.06,388.28,7.06,2.84,402.27,0.01,0.0,0.0,0.0,0.0,0.0,1.93,0.66,341.97,0.04,0.01,250.0,0.05,0.06,1200.0,11.56,4.9,423.88,1.3,0.21,161.54,0.0,0.0,0.0,2.75,11.69,14.43,0.18,0.3,0.0
2,2008,14,Chhattisgarh,Bastar,627.78,729.33,1161.76,1.71,2.6,1520.47,1.52,0.0,0.0,0.56,0.0,0.0,2.08,1.7,817.31,0.0,0.0,0.0,33.41,53.87,1612.39,6.88,1.95,283.43,0.0,0.0,0.0,1.46,1.08,739.73,2.35,1.41,600.0,31.66,9.68,305.75,0.05,0.07,1400.0,2.56,0.81,316.41,6.73,2.23,331.35,0.01,0.0,0.0,0.0,0.0,0.0,1.64,0.43,262.2,0.05,0.01,200.0,0.03,0.05,1666.67,10.82,3.73,344.73,1.19,0.22,184.87,0.0,0.0,0.0,2.76,11.99,14.74,0.19,0.21,0.0
2,2009,14,Chhattisgarh,Bastar,626.66,682.46,1089.04,1.64,2.95,1798.78,1.55,0.0,0.0,0.5,0.0,0.0,2.05,2.42,1180.49,0.0,0.0,0.0,34.77,61.36,1764.74,6.94,1.85,266.57,0.0,0.0,0.0,1.51,1.63,1079.47,2.39,1.31,548.12,29.43,9.9,336.39,0.02,0.03,1500.0,2.67,1.23,460.67,6.36,2.88,452.83,0.01,0.0,0.0,0.01,0.0,0.0,1.49,0.43,288.59,0.03,0.01,333.33,0.02,0.03,1500.0,10.51,4.76,452.9,1.03,0.34,330.1,0.0,0.0,0.0,2.64,12.58,15.21,0.76,0.17,0.01
2,2010,14,Chhattisgarh,Bastar,621.89,1184.98,1905.45,1.6,3.2,2000.0,2.7,4.4,1629.63,0.5,0.0,0.0,2.7,4.4,1629.63,0.0,0.0,0.0,35.7,72.3,2025.21,0.0,0.0,0.0,0.0,0.0,0.0,1.5,1.7,1133.33,2.3,0.93,404.35,45.3,17.7,390.73,0.0,0.0,0.0,2.44,1.01,413.93,5.9,2.6,440.68,0.0,0.0,0.0,0.0,0.0,0.0,2.0,0.7,350.0,0.03,0.02,666.67,0.0,0.0,0.0,24.23,7.35,303.34,1.02,0.12,117.65,0.0,0.0,0.0,2.66,14.37,17.02,0.28,0.14,0.0
2,2011,14,Chhattisgarh,Bastar,627.73,772.88,1231.23,1.33,2.49,1872.18,2.18,1.97,903.67,0.0,0.0,0.0,2.18,1.97,903.67,0.0,0.0,0.0,40.16,82.85,2063.0,6.74,1.69,250.74,0.0,0.0,0.0,1.57,1.47,936.31,2.22,0.93,418.92,46.66,15.56,333.48,0.01,0.01,1000.0,2.81,1.27,451.96,5.03,2.9,576.54,0.0,0.0,0.0,0.0,0.0,0.0,1.13,0.52,460.18,0.07,0.01,142.86,0.03,0.03,1000.0,22.57,7.5,332.3,0.54,0.34,629.63,0.0,0.0,0.0,0.0,0.0,0.0,0.23,0.29,0.0
2,2012,14,Chhattisgarh,Bastar,637.8,1341.33,2103.06,1.25,2.47,1976.0,2.23,1.92,860.99,0.0,0.0,0.0,2.23,1.92,860.99,0.0,0.0,0.0,41.04,84.27,2053.36,6.77,1.98,292.47,0.0,0.0,0.0,1.57,2.05,1305.73,2.13,1.4,657.28,45.53,17.03,374.04,0.02,0.03,1500.0,2.74,0.85,310.22,5.0,2.93,586.0,0.0,0.0,0.0,0.0,0.0,0.0,1.08,0.56,518.52,0.05,0.01,200.0,0.03,0.04,1333.33,21.95,7.1,323.46,0.45,0.16,355.56,0.0,0.0,0.0,2.46,15.23,17.7,0.2,0.29,0.0
2,2013,14,Chhattisgarh,Bastar,642.79,1265.91,1969.4,0.97,1.75,1804.12,0.0,0.0,0.0,0.0,0.0,0.0,2.19,1.59,726.03,0.0,0.0,0.0,42.38,99.48,2347.33,6.45,1.62,251.16,0.0,0.0,0.0,1.71,1.39,812.87,2.18,1.37,628.44,43.38,15.53,358.0,0.03,0.05,1666.67,2.02,0.56,277.23,4.85,2.9,597.94,0.0,0.0,0.0,0.0,0.0,0.0,1.02,0.52,509.8,0.01,0.0,0.0,0.01,0.01,1000.0,20.29,6.67,328.73,0.52,0.14,269.23,0.0,0.0,0.0,2.4,16.17,18.56,0.21,0.31,0.0
